{
  "formatVersion": "1.1",
  "component": {
    "group": "it.disi.unitn.ffmpeg",
    "module": "ffmpeg-java-id",
    "version": "1.1.15",
    "attributes": {
      "org.gradle.status": "release"
    }
  },
  "createdBy": {
    "gradle": {
      "version": "8.5"
    }
  },
  "variants": [
    {
      "name": "apiElements",
      "attributes": {
        "org.gradle.category": "library",
        "org.gradle.dependency.bundling": "external",
        "org.gradle.jvm.version": 18,
        "org.gradle.libraryelements": "jar",
        "org.gradle.usage": "java-api"
      },
      "files": [
        {
          "name": "ffmpeg-java-id-1.1.15.jar",
          "url": "ffmpeg-java-id-1.1.15.jar",
          "size": 50822,
          "sha512": "787f00157553778760d11303228b6e451bf07e3df706f57fb491c5a6d0628278c5d0937fcf5376bef9a1acffb7b3c2979713a92a4b9dcccf7db7817d9f7fe442",
          "sha256": "413db6c88762e07174439643cef0a0267d2dc3b727889ebe7df601333f3558e2",
          "sha1": "1d1285b55cf237d4d7d3bc9be951246c3d497c59",
          "md5": "b2e0cc2e9253652ac3291714cd9feec6"
        }
      ]
    },
    {
      "name": "runtimeElements",
      "attributes": {
        "org.gradle.category": "library",
        "org.gradle.dependency.bundling": "external",
        "org.gradle.jvm.version": 18,
        "org.gradle.libraryelements": "jar",
        "org.gradle.usage": "java-runtime"
      },
      "dependencies": [
        {
          "group": "org.jetbrains",
          "module": "annotations",
          "version": {
            "requires": "24.1.0"
          }
        },
        {
          "group": "com.google.cloud",
          "module": "libraries-bom",
          "version": {
            "requires": "26.34.0"
          },
          "attributes": {
            "org.gradle.category": "platform"
          },
          "endorseStrictVersions": true
        },
        {
          "group": "com.google.code.gson",
          "module": "gson",
          "version": {
            "requires": "2.10.1"
          }
        },
        {
          "group": "org.slf4j",
          "module": "slf4j-api",
          "version": {
            "requires": "2.0.12"
          }
        },
        {
          "group": "commons-io",
          "module": "commons-io",
          "version": {
            "requires": "2.15.1"
          }
        },
        {
          "group": "org.apache.commons",
          "module": "commons-lang3",
          "version": {
            "requires": "3.14.0"
          }
        },
        {
          "group": "org.apache.commons",
          "module": "commons-exec",
          "version": {
            "requires": "1.4.0"
          }
        },
        {
          "group": "org.owasp.encoder",
          "module": "encoder",
          "version": {
            "requires": "1.2.3"
          }
        }
      ],
      "files": [
        {
          "name": "ffmpeg-java-id-1.1.15.jar",
          "url": "ffmpeg-java-id-1.1.15.jar",
          "size": 50822,
          "sha512": "787f00157553778760d11303228b6e451bf07e3df706f57fb491c5a6d0628278c5d0937fcf5376bef9a1acffb7b3c2979713a92a4b9dcccf7db7817d9f7fe442",
          "sha256": "413db6c88762e07174439643cef0a0267d2dc3b727889ebe7df601333f3558e2",
          "sha1": "1d1285b55cf237d4d7d3bc9be951246c3d497c59",
          "md5": "b2e0cc2e9253652ac3291714cd9feec6"
        }
      ]
    },
    {
      "name": "javadocElements",
      "attributes": {
        "org.gradle.category": "documentation",
        "org.gradle.dependency.bundling": "external",
        "org.gradle.docstype": "javadoc",
        "org.gradle.usage": "java-runtime"
      },
      "files": [
        {
          "name": "ffmpeg-java-id-1.1.15-javadoc.jar",
          "url": "ffmpeg-java-id-1.1.15-javadoc.jar",
          "size": 169010,
          "sha512": "fdee30ea85b66a4fb6b274dc94c8a2a5c8bc1a3484545e5c165e510228583b63fdb389422c42b6949bcae9c1fceb67c627cb9cc6f5ff5568d8de12394387c78f",
          "sha256": "43e66dc8fe35713c5e1aaac5b50a00d56e76579430364100a28e63b9b5998929",
          "sha1": "fcc024ff3c045661c79e831fda5c34a26b146423",
          "md5": "26726a4565d1608042e4f4f620de7fe9"
        }
      ]
    },
    {
      "name": "sourcesElements",
      "attributes": {
        "org.gradle.category": "documentation",
        "org.gradle.dependency.bundling": "external",
        "org.gradle.docstype": "sources",
        "org.gradle.usage": "java-runtime"
      },
      "files": [
        {
          "name": "ffmpeg-java-id-1.1.15-sources.jar",
          "url": "ffmpeg-java-id-1.1.15-sources.jar",
          "size": 42563,
          "sha512": "55e614b1ee3d6f7fac52b47208d341124bf5c3047175cde5a4a84815c6132a344239df78ae7558a121d6442e5f1b5cec22c6d2fb5c26038987d589c670859bc8",
          "sha256": "bdb40ac6251ef6b4fb9a819677a053e8ae797baa0a40f868bf09234472c713fb",
          "sha1": "fa4c2c98b90ad94ad1ecc6e15052a06ae91e5edf",
          "md5": "d1c111a34bda6e4b2e47fc8c3b8d84b7"
        }
      ]
    }
  ]
}
